player,squad,league,pos,age,nation,is_world_cup,playing_time_min,gls_per90,ast_per90,xg_per90,npxg_per90,xag_per90,sh_per90,sot_per90,touches_per90,prog_carries_per90,prog_passes_per90,tackles_tkl_per90,int_per90,clr_per90,pass_completion_pct
Erling Haaland,Manchester City,Premier League,FW,24,NOR,1,2337,0.494,0.11,0.551,0.467,0.283,3.789,1.198,31.431,6.081,3.259,1.133,0.467,0.0,78.5
Kevin De Bruyne,Manchester City,Premier League,MF,33,BEL,1,3014,0.276,0.457,0.286,0.224,0.24,1.823,0.761,100.68,5.616,9.052,3.278,1.469,1.493,86.7
Phil Foden,Manchester City,Premier League,MF,24,ENG,1,1269,0.35,0.379,0.168,0.15,0.283,1.603,0.582,89.492,7.941,8.74,3.59,2.322,0.094,87.9
Ruben Dias,Manchester City,Premier League,DF,27,POR,1,2968,0.0,0.131,0.096,0.0,0.071,0.0,0.0,78.713,2.63,8.445,4.484,2.348,5.571,88.8
Manuel Akanji,Manchester City,Premier League,DF,29,SUI,1,947,0.082,0.076,0.0,0.0,0.095,0.18,0.246,62.758,2.213,6.338,3.471,1.922,4.947,87.5
Bernardo Silva,Manchester City,Premier League,MF,30,POR,1,1532,0.137,0.273,0.119,0.185,0.288,0.707,0.844,77.542,4.583,10.684,2.52,1.559,1.968,83.9
Rodri,Manchester City,Premier League,MF,28,ESP,1,1771,0.203,0.31,0.404,0.0,0.364,1.69,0.759,78.913,6.45,9.251,2.049,1.558,1.42,83.0
Jack Grealish,Manchester City,Premier League,FW,29,ENG,1,2737,0.572,0.185,0.289,0.302,0.096,2.185,1.071,33.049,3.109,3.412,0.885,0.546,1.587,71.0
Matheus Nunes,Manchester City,Premier League,MF,26,POR,1,2294,0.274,0.394,0.0,0.137,0.261,1.197,0.445,69.178,5.255,8.153,1.52,0.983,0.418,93.7
Josko Gvardiol,Manchester City,Premier League,DF,22,CRO,1,1476,0.083,0.112,0.0,0.049,0.079,0.131,0.381,82.784,2.74,8.232,4.409,2.819,6.395,84.4
Ederson,Manchester City,Premier League,GK,31,BRA,1,2377,0.0,0.045,0.036,0.026,0.119,0.864,0.0,39.31,0.213,2.17,0.0,0.0,1.045,60.1
Kyle Walker,Manchester City,Premier League,DF,34,ENG,1,3104,0.0,0.12,0.0,0.0,0.08,1.278,0.607,65.197,1.772,8.882,3.152,1.907,6.673,69.8
John Stones,Manchester City,Premier League,DF,30,ENG,1,2193,0.081,0.166,0.0,0.122,0.128,0.138,0.0,57.032,3.278,7.199,3.072,2.171,5.845,82.6
Ilkay Gundogan,Manchester City,Premier League,MF,34,GER,1,1735,0.119,0.23,0.161,0.0,0.136,0.231,0.628,78.128,6.368,5.446,2.426,1.045,0.0,84.1
Jeremy Doku,Manchester City,Premier League,FW,22,BEL,1,1819,0.391,0.108,0.498,0.224,0.219,2.808,0.983,43.347,4.126,3.358,1.582,0.717,0.715,75.8
Bukayo Saka,Arsenal,Premier League,FW,23,ENG,1,2811,0.595,0.276,0.604,0.561,0.24,3.408,1.108,45.885,5.006,3.939,1.379,0.323,0.0,69.2
Martin Odegaard,Arsenal,Premier League,MF,26,NOR,1,1286,0.408,0.254,0.0,0.171,0.314,1.381,0.499,107.776,5.728,11.643,3.031,2.26,1.326,83.2
Declan Rice,Arsenal,Premier League,MF,26,ENG,1,2737,0.169,0.26,0.128,0.272,0.216,2.088,0.423,86.736,6.209,9.58,3.556,2.108,0.0,88.3
Gabriel Martinelli,Arsenal,Premier League,FW,23,BRA,1,1679,0.211,0.025,0.411,0.407,0.077,2.633,0.942,28.515,4.139,2.611,0.208,0.204,1.216,66.6
William Saliba,Arsenal,Premier League,DF,23,FRA,1,2087,0.021,0.134,0.214,0.0,0.035,1.032,0.343,89.841,4.133,9.405,4.333,2.037,4.957,86.8
Gabriel Magalhaes,Arsenal,Premier League,DF,27,BRA,1,2388,0.0,0.003,0.016,0.197,0.08,1.317,0.0,63.148,3.526,7.453,2.805,1.601,5.204,76.1
Leandro Trossard,Arsenal,Premier League,FW,30,BEL,1,3070,0.436,0.109,0.406,0.275,0.264,2.222,1.411,33.797,4.06,2.78,0.47,0.524,0.0,76.0
Kai Havertz,Arsenal,Premier League,FW,25,GER,1,1209,0.338,0.09,0.422,0.319,0.219,3.682,1.027,32.533,3.164,3.273,0.633,0.401,1.06,79.3
Ben White,Arsenal,Premier League,DF,27,ENG,1,2847,0.164,0.067,0.067,0.0,0.002,0.424,0.013,76.38,2.883,7.048,3.232,2.025,6.047,80.7
Thomas Partey,Arsenal,Premier League,MF,31,GHA,1,1337,0.293,0.228,0.238,0.058,0.028,1.243,0.781,70.588,4.8,7.386,2.27,1.222,0.724,79.0
David Raya,Arsenal,Premier League,GK,29,ESP,1,1391,0.113,0.0,0.056,0.016,0.063,0.064,0.128,49.841,1.662,3.208,0.0,0.592,0.844,60.8
Jurrien Timber,Arsenal,Premier League,DF,23,NED,1,3058,0.142,0.0,0.119,0.083,0.115,0.673,0.32,61.26,1.25,6.648,3.302,1.917,4.014,90.2
Takehiro Tomiyasu,Arsenal,Premier League,DF,26,JPN,1,1043,0.034,0.007,0.097,0.0,0.111,0.289,0.658,69.9,0.608,5.551,2.822,2.057,5.228,74.4
Fabio Vieira,Arsenal,Premier League,MF,24,POR,1,2953,0.182,0.32,0.1,0.0,0.201,0.905,0.607,65.73,5.805,8.821,1.519,1.429,0.582,90.6
Oleksandr Zinchenko,Arsenal,Premier League,DF,28,UKR,1,1665,0.0,0.085,0.0,0.041,0.108,0.766,0.068,67.843,2.331,5.841,2.558,1.396,5.674,84.0
Mohamed Salah,Liverpool,Premier League,FW,32,EGY,1,3156,0.554,0.148,0.555,0.438,0.177,3.688,1.456,63.44,5.672,3.456,1.418,0.92,0.0,70.6
Virgil van Dijk,Liverpool,Premier League,DF,33,NED,1,2611,0.0,0.009,0.026,0.15,0.001,1.201,0.0,73.555,2.164,8.94,3.711,1.828,6.201,84.8
Trent Alexander-Arnold,Liverpool,Premier League,DF,26,ENG,1,1772,0.0,0.041,0.139,0.0,0.0,0.0,0.128,67.263,2.476,6.956,3.052,1.73,4.688,92.4
Luis Diaz,Liverpool,Premier League,FW,27,COL,1,1206,0.745,0.337,0.326,0.564,0.225,3.734,1.252,48.563,5.089,4.204,1.052,0.96,0.565,82.7
Darwin Nunez,Liverpool,Premier League,FW,25,URU,1,1066,0.587,0.205,0.479,0.393,0.085,4.779,1.24,43.687,3.756,4.771,1.406,1.022,0.169,82.1
Dominik Szoboszlai,Liverpool,Premier League,MF,24,HUN,1,989,0.038,0.179,0.005,0.016,0.259,1.693,0.365,63.598,5.701,6.455,2.304,1.352,0.0,85.4
Alexis Mac Allister,Liverpool,Premier League,MF,26,ARG,1,2657,0.0,0.251,0.226,0.055,0.322,1.789,0.242,76.913,4.324,7.679,1.97,1.941,0.28,84.8
Andrew Robertson,Liverpool,Premier League,DF,30,SCO,1,1546,0.291,0.077,0.062,0.038,0.111,0.0,0.038,68.499,1.701,6.974,2.562,1.539,5.336,86.2
Cody Gakpo,Liverpool,Premier League,FW,25,NED,1,1551,0.373,0.178,0.371,0.292,0.073,2.43,0.754,49.556,4.382,3.863,0.135,0.62,0.779,73.8
Harvey Elliott,Liverpool,Premier League,MF,21,ENG,1,949,0.116,0.208,0.155,0.227,0.285,1.398,0.874,72.33,4.825,9.728,2.381,1.698,0.817,90.4
Alisson Becker,Liverpool,Premier League,GK,32,BRA,1,1115,0.019,0.0,0.101,0.024,0.0,0.397,0.302,41.371,1.647,1.781,0.0,0.015,0.515,49.4
Ibrahima Konate,Liverpool,Premier League,DF,26,FRA,1,2470,0.0,0.035,0.026,0.012,0.046,0.115,0.127,61.642,1.468,7.673,3.185,2.49,2.593,83.4
Ryan Gravenberch,Liverpool,Premier League,MF,23,NED,1,1161,0.171,0.183,0.216,0.264,0.18,1.492,0.0,66.913,5.589,7.952,1.803,1.137,0.532,86.2
Wataru Endo,Liverpool,Premier League,MF,31,JPN,1,2466,0.144,0.255,0.024,0.238,0.088,1.801,0.613,70.261,5.009,7.741,3.521,1.712,0.828,86.5
Cole Palmer,Chelsea,Premier League,MF,22,ENG,1,3164,0.235,0.327,0.041,0.04,0.329,1.3,0.358,77.007,7.386,10.54,3.123,1.786,0.603,80.6
Nicolas Jackson,Chelsea,Premier League,FW,23,SEN,1,3035,0.595,0.107,0.39,0.477,0.217,2.303,0.936,17.269,5.305,2.83,1.404,0.452,0.0,75.3
Moises Caicedo,Chelsea,Premier League,MF,23,ECU,1,3197,0.155,0.222,0.09,0.2,0.13,0.808,0.897,65.345,4.178,8.429,2.337,0.759,0.934,88.1
Enzo Fernandez,Chelsea,Premier League,MF,24,ARG,1,3074,0.124,0.313,0.067,0.105,0.111,1.613,0.486,70.757,4.818,7.747,2.549,1.15,1.936,85.6
Reece James,Chelsea,Premier League,DF,25,ENG,1,3074,0.0,0.082,0.214,0.011,0.0,0.354,0.692,58.45,2.953,7.056,2.634,2.221,5.329,76.9
Malo Gusto,Chelsea,Premier League,DF,21,FRA,1,2767,0.0,0.076,0.0,0.0,0.0,1.242,0.046,64.736,3.269,7.029,2.562,1.555,3.851,75.7
Levi Colwill,Chelsea,Premier League,DF,22,ENG,1,1933,0.222,0.131,0.067,0.161,0.025,0.0,0.287,61.845,3.952,7.947,3.424,1.699,6.31,85.4
Romeo Lavia,Chelsea,Premier League,MF,21,BEL,1,2378,0.311,0.3,0.249,0.033,0.21,1.071,0.713,75.813,5.078,7.317,2.835,1.672,0.246,92.1
Noni Madueke,Chelsea,Premier League,FW,22,ENG,1,2707,0.516,0.192,0.283,0.363,0.128,2.851,0.901,25.085,3.624,3.321,0.916,0.881,0.0,72.2
Marc Cucurella,Chelsea,Premier League,DF,26,ESP,1,2355,0.195,0.0,0.092,0.002,0.013,0.0,0.0,66.077,2.606,5.563,3.443,1.761,6.662,77.2
Robert Sanchez,Chelsea,Premier League,GK,27,ESP,1,2920,0.0,0.0,0.0,0.0,0.004,0.0,0.507,36.089,0.0,5.654,0.06,0.0,1.954,61.7
Benoit Badiashile,Chelsea,Premier League,DF,23,FRA,1,2383,0.002,0.111,0.098,0.0,0.114,0.561,0.031,63.247,2.104,7.933,3.814,1.798,5.418,86.3
Mykhaylo Mudryk,Chelsea,Premier League,FW,24,UKR,1,2574,0.529,0.19,0.228,0.225,0.093,2.028,1.074,53.134,6.145,1.136,1.033,0.476,0.0,67.4
Joao Felix,Chelsea,Premier League,FW,25,POR,1,1387,0.528,0.069,0.343,0.48,0.1,2.842,1.1,33.334,4.589,1.437,1.844,0.03,0.479,71.8
Son Heung-min,Tottenham,Premier League,FW,32,KOR,1,1552,0.316,0.237,0.236,0.299,0.089,3.543,0.877,30.879,4.241,5.355,1.253,0.837,0.081,68.9
James Maddison,Tottenham,Premier League,MF,28,ENG,1,1178,0.241,0.13,0.087,0.29,0.042,1.164,0.669,69.016,5.341,8.002,1.72,2.195,0.6,87.5
Pape Matar Sarr,Tottenham,Premier League,MF,22,SEN,1,1439,0.21,0.313,0.019,0.202,0.159,1.449,0.572,76.302,5.732,9.659,2.682,1.324,1.965,80.1
Yves Bissouma,Tottenham,Premier League,MF,28,MLI,1,1085,0.401,0.274,0.053,0.073,0.149,1.797,0.24,67.305,6.765,6.884,2.947,1.526,0.0,73.0
Pedro Porro,Tottenham,Premier League,DF,25,ESP,1,2791,0.02,0.0,0.066,0.043,0.0,1.471,0.01,61.945,4.374,6.815,3.408,1.897,4.289,80.4
Cristian Romero,Tottenham,Premier League,DF,26,ARG,1,2475,0.0,0.108,0.04,0.0,0.228,0.079,0.392,56.826,3.36,6.058,3.268,1.663,5.095,72.8
Brennan Johnson,Tottenham,Premier League,FW,23,WAL,1,925,0.472,0.111,0.564,0.383,0.13,2.274,0.833,36.014,5.375,0.0,1.801,0.515,0.0,70.6
Dominic Solanke,Tottenham,Premier League,FW,27,ENG,1,2709,0.493,0.087,0.222,0.335,0.079,2.902,1.346,24.636,4.362,3.375,1.248,0.243,0.713,71.5
Micky van de Ven,Tottenham,Premier League,DF,23,NED,1,2374,0.0,0.0,0.112,0.0,0.0,0.331,0.0,57.226,2.142,5.553,2.429,1.634,4.55,81.2
Dejan Kulusevski,Tottenham,Premier League,MF,25,SWE,1,3093,0.317,0.25,0.098,0.22,0.257,0.82,0.689,70.296,6.892,5.543,3.003,1.527,1.909,84.0
Fraser Forster,Tottenham,Premier League,GK,36,ENG,1,2276,0.12,0.0,0.025,0.0,0.0,0.057,0.123,36.591,0.487,2.168,0.157,0.0,1.816,66.7
Destiny Udogie,Tottenham,Premier League,DF,22,ITA,1,2053,0.0,0.0,0.0,0.002,0.05,0.267,0.0,57.523,2.373,4.409,4.011,1.8,5.429,84.6
Richarlison,Tottenham,Premier League,FW,27,BRA,1,2194,0.274,0.122,0.362,0.319,0.309,2.223,1.283,42.23,3.527,2.32,0.774,0.537,0.0,74.3
Manor Solomon,Tottenham,Premier League,FW,25,ISR,0,3130,0.425,0.227,0.429,0.369,0.172,2.969,1.177,19.19,3.22,0.764,0.058,0.0,0.033,68.1
Ollie Watkins,Aston Villa,Premier League,FW,29,ENG,1,1834,0.471,0.208,0.49,0.587,0.226,3.355,0.901,48.301,6.878,1.819,1.942,0.641,0.352,69.7
Youri Tielemans,Aston Villa,Premier League,MF,27,BEL,1,1167,0.042,0.287,0.241,0.23,0.231,0.961,0.448,73.037,4.988,9.066,2.475,1.697,0.32,82.3
Leon Bailey,Aston Villa,Premier League,FW,27,JAM,1,1840,0.331,0.193,0.339,0.352,0.0,3.696,1.236,33.121,4.35,3.518,2.078,0.45,1.444,77.8
Emiliano Martinez,Aston Villa,Premier League,GK,32,ARG,1,1050,0.023,0.074,0.0,0.0,0.08,0.0,0.056,43.613,0.515,4.066,0.097,0.173,0.595,58.0
Jhon Duran,Aston Villa,Premier League,FW,21,COL,1,1722,0.56,0.152,0.394,0.215,0.213,2.242,1.013,32.391,4.163,2.887,2.483,0.764,0.628,62.5
Douglas Luiz,Aston Villa,Premier League,MF,27,BRA,1,1766,0.104,0.235,0.175,0.331,0.134,1.886,0.566,65.914,5.616,10.137,2.927,1.75,0.52,83.3
Pau Torres,Aston Villa,Premier League,DF,28,ESP,1,983,0.0,0.254,0.074,0.0,0.0,0.46,0.102,55.91,1.137,5.62,3.366,2.363,4.706,86.9
Ezri Konsa,Aston Villa,Premier League,DF,27,ENG,1,1532,0.0,0.0,0.169,0.0,0.0,0.923,0.0,58.234,1.698,4.846,3.445,2.186,5.649,74.8
Morgan Rogers,Aston Villa,Premier League,FW,22,ENG,1,1314,0.575,0.371,0.427,0.443,0.093,3.368,1.21,29.734,3.769,0.746,1.208,0.45,1.649,77.1
Rasmus Hojlund,Manchester Utd,Premier League,FW,22,DEN,1,905,0.338,0.196,0.459,0.314,0.117,2.776,1.217,48.755,3.689,2.251,1.945,0.206,0.0,86.5
Bruno Fernandes,Manchester Utd,Premier League,MF,30,POR,1,1629,0.226,0.181,0.061,0.134,0.295,1.159,0.842,55.278,5.523,10.984,2.429,1.326,1.05,93.4
Marcus Rashford,Manchester Utd,Premier League,FW,27,ENG,1,2369,0.382,0.219,0.432,0.413,0.028,2.95,0.831,44.062,4.405,3.335,0.782,0.703,0.096,80.2
Alejandro Garnacho,Manchester Utd,Premier League,FW,20,ARG,1,2977,0.613,0.291,0.479,0.44,0.19,3.431,1.532,46.75,4.694,5.47,0.708,0.954,0.0,74.6
Kobbie Mainoo,Manchester Utd,Premier League,MF,19,ENG,1,1085,0.327,0.31,0.139,0.128,0.321,3.075,0.026,83.224,7.486,6.847,2.589,1.866,0.0,79.0
Mason Mount,Manchester Utd,Premier League,MF,26,ENG,1,2124,0.03,0.195,0.155,0.227,0.232,1.574,0.202,64.716,6.42,8.267,2.185,1.536,0.122,88.1
Lisandro Martinez,Manchester Utd,Premier League,DF,27,ARG,1,2360,0.0,0.053,0.063,0.162,0.0,0.156,0.132,70.746,4.592,5.441,3.188,2.586,4.911,78.8
Luke Shaw,Manchester Utd,Premier League,DF,29,ENG,1,3043,0.17,0.135,0.0,0.0,0.09,0.564,0.212,59.543,1.058,5.971,3.329,2.183,4.111,86.3
Andre Onana,Manchester Utd,Premier League,GK,28,CMR,1,966,0.236,0.003,0.092,0.0,0.0,0.0,0.0,34.043,0.186,1.57,0.086,0.151,1.181,65.0
Diogo Dalot,Manchester Utd,Premier League,DF,26,POR,1,1661,0.138,0.089,0.0,0.027,0.076,0.562,0.076,63.649,3.246,4.893,3.653,2.027,2.925,84.7
Alexander Isak,Newcastle,Premier League,FW,25,SWE,1,1827,0.5,0.312,0.267,0.529,0.079,4.197,1.292,44.178,5.11,3.779,1.309,0.967,0.528,76.5
Anthony Gordon,Newcastle,Premier League,FW,23,ENG,1,2421,0.458,0.254,0.455,0.458,0.093,2.598,1.045,14.108,3.484,4.331,0.41,0.843,0.545,71.2
Bruno Guimaraes,Newcastle,Premier League,MF,27,BRA,1,936,0.206,0.211,0.005,0.105,0.07,1.15,0.597,57.994,4.28,6.753,1.829,1.026,1.029,95.2
Harvey Barnes,Newcastle,Premier League,FW,26,ENG,1,2305,0.209,0.134,0.347,0.209,0.259,2.383,0.742,35.04,3.739,3.224,0.0,0.291,0.595,72.2
Fabian Schar,Newcastle,Premier League,DF,32,SUI,1,1580,0.037,0.117,0.061,0.0,0.11,0.815,0.0,69.698,2.361,6.432,3.667,1.737,5.375,85.4
Sandro Tonali,Newcastle,Premier League,MF,24,ITA,1,2876,0.139,0.203,0.077,0.212,0.04,2.136,0.395,68.267,4.604,7.191,2.54,1.386,2.021,93.8
Kieran Trippier,Newcastle,Premier League,DF,34,ENG,1,2725,0.0,0.083,0.166,0.0,0.0,1.168,0.0,46.372,3.14,5.887,2.415,1.244,4.901,87.4
Nick Pope,Newcastle,Premier League,GK,33,ENG,1,2325,0.0,0.0,0.0,0.013,0.053,0.0,0.0,45.716,0.0,2.592,0.0,0.0,0.798,69.1
Joelinton,Newcastle,Premier League,MF,28,BRA,1,1881,0.239,0.185,0.001,0.042,0.211,0.598,0.3,75.619,4.678,8.921,2.736,1.694,0.651,91.4
Joao Pedro,Brighton,Premier League,FW,23,BRA,1,2164,0.455,0.126,0.492,0.33,0.122,2.222,0.665,31.732,5.025,2.211,0.78,1.195,0.794,72.0
Kaoru Mitoma,Brighton,Premier League,FW,27,JPN,1,2340,0.52,0.083,0.203,0.282,0.158,2.632,1.351,25.015,5.263,2.944,0.719,0.35,1.48,69.8
Evan Ferguson,Brighton,Premier League,FW,20,IRL,1,3247,0.502,0.235,0.35,0.429,0.217,3.181,1.405,31.258,3.981,4.994,1.299,0.595,0.865,72.9
Pascal Gross,Brighton,Premier League,MF,33,GER,1,2293,0.156,0.269,0.0,0.13,0.241,1.164,0.762,70.638,4.101,8.221,2.837,1.134,0.331,91.9
Simon Adingra,Brighton,Premier League,FW,22,CIV,1,2574,0.306,0.211,0.502,0.374,0.136,3.284,1.0,38.41,2.42,0.583,1.448,0.867,2.766,73.1
Carlos Baleba,Brighton,Premier League,MF,21,CMR,1,2917,0.181,0.167,0.093,0.084,0.254,1.538,0.454,64.927,6.628,10.687,0.975,1.226,1.021,88.0
Jan Paul van Hecke,Brighton,Premier League,DF,25,NED,1,2155,0.0,0.038,0.0,0.055,0.009,0.0,0.305,58.081,2.609,6.84,3.302,2.15,5.117,77.3
Jarrod Bowen,West Ham,Premier League,FW,28,ENG,1,2047,0.458,0.147,0.243,0.289,0.288,2.961,0.929,40.692,3.84,1.021,0.323,0.0,1.438,78.1
Lucas Paqueta,West Ham,Premier League,MF,27,BRA,1,2740,0.159,0.193,0.208,0.051,0.236,0.715,0.221,74.105,4.872,7.069,3.004,2.151,1.345,94.3
Mohammed Kudus,West Ham,Premier League,FW,24,GHA,1,3085,0.227,0.149,0.404,0.268,0.064,2.904,1.195,23.591,4.727,1.179,0.211,0.736,0.0,74.8
Edson Alvarez,West Ham,Premier League,MF,26,MEX,1,2941,0.097,0.322,0.053,0.058,0.123,2.145,0.508,58.915,6.092,9.291,2.488,1.253,0.0,82.3
James Ward-Prowse,West Ham,Premier League,MF,30,ENG,1,3176,0.031,0.223,0.118,0.087,0.214,2.008,0.582,47.116,4.628,9.349,2.007,1.717,0.836,90.5
Dominic Calvert-Lewin,Everton,Premier League,FW,27,ENG,1,1226,0.104,0.256,0.517,0.265,0.075,3.167,1.701,54.508,3.119,4.845,0.69,0.645,0.07,66.9
Idrissa Gueye,Everton,Premier League,MF,35,SEN,1,1558,0.063,0.247,0.281,0.171,0.162,1.38,0.005,73.44,5.354,8.729,1.22,1.388,0.0,85.1
Dwight McNeil,Everton,Premier League,FW,25,ENG,1,1518,0.305,0.255,0.529,0.405,0.184,2.723,1.331,36.578,4.843,3.452,0.28,0.391,0.941,68.5
Pedro Neto,Chelsea,Premier League,FW,24,POR,1,3050,0.693,0.136,0.49,0.509,0.123,3.594,0.952,35.59,5.495,3.08,1.33,0.849,0.267,74.4
Neto Murara,Bournemouth,Premier League,GK,36,BRA,1,3235,0.095,0.019,0.031,0.115,0.0,0.0,0.0,43.949,0.154,3.806,0.107,0.376,1.511,55.9
Antoine Semenyo,Bournemouth,Premier League,FW,25,GHA,1,2523,0.341,0.223,0.356,0.292,0.163,3.162,1.248,35.417,4.927,2.912,1.306,0.583,0.519,80.9
Dango Ouattara,Bournemouth,Premier League,FW,23,BFA,1,1689,0.315,0.224,0.426,0.236,0.17,2.609,1.623,19.125,3.769,4.239,1.422,0.152,0.057,72.6
Tyler Adams,Bournemouth,Premier League,MF,26,USA,1,3162,0.06,0.237,0.212,0.064,0.211,0.925,0.435,66.637,5.126,7.686,2.334,1.159,0.0,88.6
Ethan Nwaneri,Arsenal,Premier League,MF,18,ENG,1,3194,0.0,0.248,0.033,0.243,0.244,2.248,0.114,62.917,5.448,9.114,2.201,1.493,0.086,83.2
Myles Lewis-Skelly,Arsenal,Premier League,DF,18,ENG,1,1629,0.0,0.191,0.0,0.0,0.005,0.101,0.217,50.453,1.502,4.263,3.243,1.737,3.329,77.4
Harry Kane,Bayern Munich,Bundesliga,FW,31,ENG,1,2144,0.608,0.269,0.555,0.402,0.161,3.817,1.192,45.598,6.977,2.725,1.75,0.322,0.793,65.7
Leroy Sane,Bayern Munich,Bundesliga,FW,28,GER,1,2764,0.484,0.045,0.488,0.418,0.05,3.624,1.147,45.663,4.548,3.405,0.981,0.906,0.0,70.2
Serge Gnabry,Bayern Munich,Bundesliga,FW,29,GER,1,2012,0.562,0.22,0.461,0.418,0.06,3.788,1.361,39.135,3.968,3.955,0.544,0.756,0.428,67.8
Joshua Kimmich,Bayern Munich,Bundesliga,MF,29,GER,1,2561,0.139,0.175,0.0,0.073,0.147,0.932,0.0,72.228,5.379,7.339,1.966,1.62,0.0,81.9
Leon Goretzka,Bayern Munich,Bundesliga,MF,29,GER,1,1081,0.0,0.353,0.084,0.193,0.235,0.709,0.487,69.415,6.016,7.606,2.45,1.268,0.692,87.3
Dayot Upamecano,Bayern Munich,Bundesliga,DF,26,FRA,1,2254,0.0,0.266,0.051,0.0,0.0,0.699,0.168,60.96,2.086,7.441,3.146,1.721,5.308,76.7
Matthijs de Ligt,Bayern Munich,Bundesliga,DF,25,NED,1,1331,0.0,0.043,0.0,0.029,0.102,0.077,0.218,59.728,2.305,4.729,3.378,2.053,4.0,84.4
Alphonso Davies,Bayern Munich,Bundesliga,DF,24,CAN,1,2267,0.231,0.16,0.151,0.093,0.159,0.875,0.0,80.023,1.848,5.845,4.066,2.03,4.521,78.0
Thomas Muller,Bayern Munich,Bundesliga,FW,35,GER,1,3099,0.286,0.207,0.496,0.386,0.227,2.012,1.213,33.131,4.442,1.781,1.227,0.479,0.838,79.9
Kingsley Coman,Bayern Munich,Bundesliga,FW,28,FRA,1,1548,0.459,0.145,0.44,0.204,0.16,2.927,1.279,38.981,4.378,3.113,0.359,0.444,0.0,76.7
Manuel Neuer,Bayern Munich,Bundesliga,GK,39,GER,1,2463,0.0,0.011,0.0,0.0,0.08,0.466,0.031,39.562,0.0,4.247,0.0,0.0,0.652,67.3
Konrad Laimer,Bayern Munich,Bundesliga,MF,27,AUT,1,2635,0.083,0.276,0.139,0.091,0.184,0.795,0.551,75.691,4.036,8.134,3.246,1.102,2.363,83.9
Sacha Boey,Bayern Munich,Bundesliga,DF,24,FRA,1,2355,0.077,0.116,0.0,0.042,0.1,0.792,0.0,61.846,2.62,5.094,3.32,1.949,5.818,77.3
Raphael Guerreiro,Bayern Munich,Bundesliga,DF,31,POR,1,1363,0.23,0.096,0.035,0.056,0.074,0.168,0.595,45.918,0.987,5.804,3.82,1.603,4.108,80.3
Min-jae Kim,Bayern Munich,Bundesliga,DF,28,KOR,1,2004,0.038,0.019,0.056,0.0,0.0,0.244,0.0,71.008,3.02,7.63,3.047,1.274,6.279,86.4
Jamal Musiala,Bayern Munich,Bundesliga,MF,22,GER,1,2475,0.047,0.218,0.101,0.005,0.286,0.901,0.616,67.586,3.74,8.722,2.193,1.564,1.084,92.3
Karim Adeyemi,Borussia Dortmund,Bundesliga,FW,23,GER,1,2996,0.67,0.141,0.488,0.452,0.167,2.338,1.253,38.378,4.199,4.074,1.587,0.889,1.385,74.8
Julian Brandt,Borussia Dortmund,Bundesliga,MF,28,GER,1,2979,0.06,0.253,0.139,0.099,0.163,1.04,0.74,68.909,5.433,9.306,2.318,1.499,0.0,81.0
Niclas Fullkrug,Borussia Dortmund,Bundesliga,FW,31,GER,1,2990,0.301,0.139,0.291,0.301,0.229,2.274,1.436,32.554,4.113,2.82,0.234,0.986,0.0,79.1
Nico Schlotterbeck,Borussia Dortmund,Bundesliga,DF,25,GER,1,1716,0.138,0.149,0.055,0.056,0.158,0.0,0.058,62.475,4.099,4.703,3.235,1.752,4.872,85.0
Emre Can,Borussia Dortmund,Bundesliga,MF,30,GER,1,3270,0.351,0.249,0.141,0.12,0.242,1.14,0.728,57.577,4.441,7.717,3.408,1.456,1.464,77.3
Gregor Kobel,Borussia Dortmund,Bundesliga,GK,27,SUI,1,1859,0.028,0.0,0.058,0.035,0.0,0.835,0.0,27.965,0.84,3.005,0.205,0.0,0.669,65.9
Ramy Bensebaini,Borussia Dortmund,Bundesliga,DF,29,ALG,1,3291,0.158,0.202,0.069,0.06,0.065,0.309,0.638,70.726,2.965,5.191,3.407,1.473,3.014,72.6
Felix Nmecha,Borussia Dortmund,Bundesliga,MF,24,GER,1,3287,0.349,0.211,0.024,0.175,0.196,0.758,0.543,63.38,4.969,7.682,2.524,1.305,1.106,92.1
Marcel Sabitzer,Borussia Dortmund,Bundesliga,MF,30,AUT,1,2919,0.15,0.165,0.172,0.233,0.16,1.557,0.081,54.957,4.071,8.114,2.05,1.039,0.0,89.1
Jamie Bynoe-Gittens,Borussia Dortmund,Bundesliga,FW,20,ENG,1,2733,0.327,0.22,0.323,0.389,0.206,3.196,1.25,29.443,4.293,3.713,1.282,0.469,0.0,63.7
Maximilian Beier,Borussia Dortmund,Bundesliga,FW,22,GER,1,2117,0.324,0.083,0.416,0.309,0.209,3.068,0.637,48.81,4.265,2.822,0.317,1.279,0.0,70.2
Florian Wirtz,Bayer Leverkusen,Bundesliga,MF,21,GER,1,2886,0.358,0.231,0.112,0.19,0.35,1.537,1.057,76.191,7.1,9.898,2.847,1.924,0.161,92.2
Granit Xhaka,Bayer Leverkusen,Bundesliga,MF,32,SUI,1,3131,0.098,0.277,0.153,0.226,0.043,1.244,0.534,60.603,5.908,9.218,1.649,1.249,0.725,89.4
Alejandro Grimaldo,Bayer Leverkusen,Bundesliga,DF,29,ESP,1,1298,0.102,0.021,0.095,0.141,0.0,1.352,0.0,47.331,3.494,4.735,3.008,1.654,4.827,87.1
Victor Boniface,Bayer Leverkusen,Bundesliga,FW,24,NGA,1,1768,0.433,0.134,0.343,0.39,0.078,3.03,1.417,38.577,4.477,4.106,0.436,0.459,0.0,67.4
Jonas Hofmann,Bayer Leverkusen,Bundesliga,MF,32,GER,1,3090,0.154,0.2,0.127,0.197,0.26,1.976,0.141,56.16,6.042,8.931,2.606,1.081,2.006,85.2
Piero Hincapie,Bayer Leverkusen,Bundesliga,DF,23,ECU,1,3097,0.032,0.079,0.073,0.095,0.053,0.0,0.645,54.675,1.712,8.912,2.779,1.588,3.608,86.8
Robert Andrich,Bayer Leverkusen,Bundesliga,MF,30,GER,1,2968,0.159,0.237,0.192,0.133,0.306,1.299,0.265,61.52,5.921,5.305,2.189,1.768,1.5,82.9
Exequiel Palacios,Bayer Leverkusen,Bundesliga,MF,26,ARG,1,902,0.296,0.407,0.149,0.093,0.128,2.095,0.818,66.527,5.574,6.289,2.81,1.202,0.0,92.6
Edmond Tapsoba,Bayer Leverkusen,Bundesliga,DF,25,BFA,1,2622,0.036,0.072,0.08,0.083,0.088,0.396,0.0,68.929,1.583,6.31,2.666,1.711,4.523,87.0
Lukas Hradecky,Bayer Leverkusen,Bundesliga,GK,35,FIN,1,3289,0.0,0.0,0.092,0.211,0.0,0.007,0.0,30.051,0.0,2.024,0.14,0.08,1.382,59.6
Nathan Tella,Bayer Leverkusen,Bundesliga,FW,25,ENG,1,1339,0.511,0.014,0.432,0.475,0.033,3.119,1.024,29.903,5.051,3.204,0.764,0.586,0.124,77.1
Adam Hlozek,Bayer Leverkusen,Bundesliga,FW,22,CZE,1,2088,0.486,0.242,0.258,0.182,0.195,2.663,1.229,37.166,4.247,4.747,0.984,0.417,0.225,63.0
Lois Openda,RB Leipzig,Bundesliga,FW,24,BEL,1,1960,0.572,0.229,0.394,0.562,0.327,4.854,1.383,38.281,6.829,3.116,1.399,0.299,1.486,82.1
Benjamin Sesko,RB Leipzig,Bundesliga,FW,21,SVN,1,1266,0.491,0.265,0.629,0.496,0.195,4.133,1.352,28.356,5.594,5.019,1.394,0.387,0.0,73.5
Xavi Simons,RB Leipzig,Bundesliga,MF,21,NED,1,2456,0.3,0.22,0.218,0.0,0.4,1.908,0.762,92.421,5.708,10.768,3.502,1.843,0.0,79.5
Dani Olmo,RB Leipzig,Bundesliga,MF,26,ESP,1,2939,0.183,0.185,0.25,0.144,0.205,2.505,0.795,89.27,6.846,9.092,4.115,2.19,1.334,95.0
Willi Orban,RB Leipzig,Bundesliga,DF,32,HUN,1,1195,0.158,0.038,0.153,0.07,0.106,0.0,0.0,62.217,2.947,7.217,3.262,2.154,4.919,83.7
Lukas Klostermann,RB Leipzig,Bundesliga,DF,28,GER,1,2111,0.0,0.146,0.174,0.0,0.153,0.0,0.304,72.677,2.131,6.435,3.21,2.127,3.82,84.4
Kevin Kampl,RB Leipzig,Bundesliga,MF,33,SVN,1,2533,0.21,0.232,0.213,0.201,0.221,0.817,0.329,75.528,4.56,7.718,2.663,1.807,1.782,95.3
Castello Lukeba,RB Leipzig,Bundesliga,DF,22,FRA,1,1578,0.101,0.101,0.117,0.128,0.078,0.009,0.142,59.709,2.965,7.158,3.678,1.92,3.823,73.8
Mohamed Simakan,RB Leipzig,Bundesliga,DF,23,FRA,1,2833,0.042,0.0,0.12,0.048,0.154,1.473,0.0,58.92,3.189,8.907,2.523,1.972,6.809,84.7
Peter Gulacsi,RB Leipzig,Bundesliga,GK,34,HUN,1,2514,0.0,0.0,0.0,0.043,0.0,0.0,0.213,40.674,1.706,1.968,0.0,0.034,1.797,63.9
Antonio Nusa,RB Leipzig,Bundesliga,FW,20,NOR,1,970,0.606,0.139,0.483,0.334,0.149,2.907,1.293,35.96,4.118,2.966,0.842,0.628,0.0,78.8
Christoph Baumgartner,RB Leipzig,Bundesliga,MF,25,AUT,1,2954,0.294,0.29,0.155,0.118,0.186,1.655,0.754,65.308,6.213,8.098,3.32,1.943,0.688,89.7
Omar Marmoush,Eintracht Frankfurt,Bundesliga,FW,26,EGY,1,923,0.272,0.199,0.439,0.449,0.239,3.744,1.376,24.601,3.106,3.474,0.598,0.413,1.246,77.4
Hugo Larsson,Eintracht Frankfurt,Bundesliga,MF,21,SWE,1,1514,0.25,0.09,0.166,0.146,0.19,1.105,0.557,53.15,4.592,9.902,2.203,1.564,0.628,76.4
Ansgar Knauff,Eintracht Frankfurt,Bundesliga,FW,23,GER,1,2165,0.556,0.163,0.472,0.438,0.112,2.802,1.114,44.969,5.76,3.796,0.395,0.33,1.107,70.6
Robin Koch,Eintracht Frankfurt,Bundesliga,DF,28,GER,1,1732,0.076,0.051,0.127,0.139,0.031,0.0,0.237,58.684,1.717,4.821,3.767,1.957,4.377,82.0
Mario Götze,Eintracht Frankfurt,Bundesliga,MF,33,GER,1,1842,0.084,0.28,0.219,0.081,0.117,2.504,0.664,91.497,5.015,7.587,1.839,1.534,0.0,86.7
Randal Kolo Muani,Paris Saint-Germain,Ligue 1,FW,26,FRA,1,2806,0.325,0.083,0.378,0.431,0.094,2.817,1.517,26.293,4.769,3.433,0.56,0.133,1.362,75.1
Vincenzo Grifo,SC Freiburg,Bundesliga,MF,31,GER,1,975,0.008,0.193,0.066,0.099,0.29,1.414,0.475,64.847,4.475,7.751,2.471,1.967,0.564,93.4
Lucas Holer,SC Freiburg,Bundesliga,FW,29,GER,1,2227,0.403,0.253,0.707,0.303,0.163,3.256,1.239,36.684,4.366,2.7,1.892,0.576,0.0,63.2
Nicolas Hofler,SC Freiburg,Bundesliga,MF,31,GER,1,2619,0.203,0.189,0.122,0.06,0.315,1.781,0.075,71.247,6.13,6.52,2.371,1.741,0.02,97.6
Matthias Ginter,SC Freiburg,Bundesliga,DF,31,GER,1,2806,0.08,0.004,0.138,0.0,0.131,0.584,0.563,51.912,3.405,6.542,3.061,1.666,4.228,78.6
Wout Weghorst,Hoffenheim,Bundesliga,FW,32,NED,1,3128,0.343,0.274,0.37,0.316,0.02,2.732,1.063,28.384,4.675,1.814,0.0,0.388,0.0,82.4
Marius Bulter,Union Berlin,Bundesliga,FW,29,GER,1,1422,0.525,0.159,0.446,0.403,0.162,2.002,1.57,24.947,4.605,0.268,0.69,0.194,0.037,82.7
Robin Gosens,Union Berlin,Bundesliga,DF,30,GER,1,2062,0.0,0.011,0.116,0.103,0.102,1.0,0.113,66.836,2.275,5.243,2.538,2.009,4.809,83.7
Maximilian Mittelstadt,Stuttgart,Bundesliga,DF,27,GER,1,2042,0.0,0.0,0.0,0.0,0.109,0.896,0.0,59.073,2.712,4.061,3.311,1.884,4.535,87.1
Deniz Undav,Stuttgart,Bundesliga,FW,28,GER,1,2218,0.443,0.216,0.478,0.292,0.215,2.367,0.949,40.998,4.543,2.047,1.276,0.0,0.07,75.1
Ermedin Demirovic,Stuttgart,Bundesliga,FW,26,GER,1,1882,0.664,0.235,0.387,0.282,0.228,2.01,1.012,28.383,4.921,2.758,0.488,0.296,0.835,82.3
Chris Fuhrich,Stuttgart,Bundesliga,FW,27,GER,1,1641,0.466,0.2,0.513,0.293,0.206,2.87,1.113,40.172,4.076,2.724,0.229,0.308,0.6,71.2
Vinicius Junior,Real Madrid,La Liga,FW,24,BRA,1,2362,0.356,0.172,0.426,0.552,0.343,4.092,1.663,53.768,5.267,4.402,0.844,0.032,0.0,73.4
Jude Bellingham,Real Madrid,La Liga,MF,21,ENG,1,2290,0.305,0.351,0.14,0.212,0.388,1.254,0.839,86.432,6.302,12.505,2.294,1.622,1.19,91.8
Kylian Mbappe,Real Madrid,La Liga,FW,25,FRA,1,1484,0.558,0.147,0.491,0.318,0.184,3.918,1.201,35.788,4.116,1.911,1.427,0.0,0.0,79.7
Rodrygo,Real Madrid,La Liga,FW,23,BRA,1,2905,0.573,0.068,0.504,0.5,0.162,3.595,1.395,31.334,6.528,4.906,1.027,0.782,1.203,75.3
Federico Valverde,Real Madrid,La Liga,MF,26,URU,1,3109,0.126,0.271,0.022,0.146,0.37,1.23,0.35,89.171,6.061,8.688,3.792,1.738,0.405,88.8
Aurelien Tchouameni,Real Madrid,La Liga,MF,24,FRA,1,1932,0.216,0.344,0.217,0.196,0.316,1.348,0.735,95.922,6.019,12.723,3.24,1.659,1.735,90.8
Eduardo Camavinga,Real Madrid,La Liga,MF,21,FRA,1,1650,0.386,0.453,0.227,0.253,0.23,2.482,0.485,92.645,6.119,9.86,3.276,1.907,0.826,89.4
Antonio Rudiger,Real Madrid,La Liga,DF,31,GER,1,2703,0.171,0.106,0.138,0.104,0.219,0.327,0.121,60.251,2.864,7.704,2.54,1.919,5.421,81.1
Dani Carvajal,Real Madrid,La Liga,DF,32,ESP,1,1564,0.0,0.0,0.155,0.0,0.0,0.833,0.189,47.089,1.849,6.067,3.668,1.853,4.479,90.8
Luka Modric,Real Madrid,La Liga,MF,38,CRO,1,1441,0.096,0.329,0.0,0.085,0.209,1.801,0.82,48.838,5.096,6.819,3.253,1.853,0.174,86.3
Thibaut Courtois,Real Madrid,La Liga,GK,33,BEL,1,951,0.0,0.0,0.0,0.077,0.056,0.0,0.086,22.478,1.186,1.681,0.0,0.0,0.562,65.2
Eder Militao,Real Madrid,La Liga,DF,26,BRA,1,1744,0.165,0.065,0.0,0.0,0.124,1.21,0.0,66.384,2.443,5.914,2.971,2.072,4.456,90.3
Fran Garcia,Real Madrid,La Liga,DF,24,ESP,1,2704,0.035,0.102,0.089,0.0,0.117,0.696,0.0,46.695,2.938,7.159,3.071,1.893,4.315,81.0
Brahim Diaz,Real Madrid,La Liga,FW,25,ESP,1,1614,0.347,0.263,0.385,0.399,0.17,3.33,1.26,27.644,5.497,2.527,0.929,0.363,0.653,73.3
Lucas Vazquez,Real Madrid,La Liga,DF,33,ESP,1,1959,0.0,0.05,0.0,0.0,0.018,1.447,0.623,64.232,0.984,4.287,3.613,2.042,3.075,87.6
Lamine Yamal,Barcelona,La Liga,FW,17,ESP,1,3003,0.418,0.11,0.522,0.408,0.135,4.492,1.336,52.889,5.251,3.93,2.48,0.693,0.0,73.2
Robert Lewandowski,Barcelona,La Liga,FW,36,POL,1,2498,0.326,0.055,0.542,0.425,0.122,2.415,0.931,27.332,3.481,3.159,1.207,0.761,0.165,79.0
Pedri,Barcelona,La Liga,MF,22,ESP,1,1472,0.231,0.403,0.118,0.191,0.138,1.882,0.237,97.096,6.903,7.927,2.703,1.82,0.0,87.8
Gavi,Barcelona,La Liga,MF,20,ESP,1,2855,0.068,0.29,0.172,0.146,0.259,1.691,0.331,92.636,6.227,10.399,2.537,1.174,0.0,80.4
Raphinha,Barcelona,La Liga,FW,27,BRA,1,1811,0.535,0.21,0.152,0.293,0.263,2.256,1.539,33.759,5.143,3.341,0.394,0.518,1.004,77.4
Ronald Araujo,Barcelona,La Liga,DF,25,URU,1,1820,0.126,0.012,0.031,0.0,0.0,1.06,0.0,55.34,1.485,5.751,2.471,1.28,3.031,87.2
Jules Kounde,Barcelona,La Liga,DF,26,FRA,1,928,0.033,0.095,0.0,0.062,0.047,0.483,0.404,66.89,3.569,6.152,3.413,2.123,5.702,76.5
Alejandro Balde,Barcelona,La Liga,DF,21,ESP,1,1194,0.057,0.0,0.099,0.08,0.083,1.14,0.239,65.367,2.574,6.418,2.322,2.014,4.596,89.5
Frenkie de Jong,Barcelona,La Liga,MF,27,NED,1,1900,0.172,0.186,0.24,0.172,0.132,1.541,0.222,74.76,5.357,8.176,2.598,1.563,2.141,87.3
Ferran Torres,Barcelona,La Liga,FW,24,ESP,1,1485,0.407,0.222,0.311,0.279,0.187,2.743,1.474,22.583,4.122,3.602,0.671,0.508,0.0,77.4
Marc Casado,Barcelona,La Liga,MF,21,ESP,1,2559,0.019,0.249,0.0,0.212,0.185,1.011,0.0,56.511,4.332,8.112,1.706,1.323,0.32,82.5
Marc-Andre ter Stegen,Barcelona,La Liga,GK,33,GER,1,2782,0.0,0.085,0.148,0.0,0.015,0.0,0.253,34.189,0.0,1.57,0.0,0.0,2.8,64.7
Pau Cubarsi,Barcelona,La Liga,DF,17,ESP,1,2572,0.0,0.198,0.0,0.0,0.031,0.171,0.111,76.348,1.637,7.128,3.526,1.606,4.804,90.0
Nico Williams,Athletic Club,La Liga,FW,22,ESP,1,2218,0.625,0.2,0.398,0.368,0.199,4.082,1.51,40.384,5.115,3.947,1.176,0.479,0.055,77.7
Antoine Griezmann,Atletico Madrid,La Liga,FW,33,FRA,1,1953,0.557,0.021,0.305,0.349,0.148,2.323,1.314,26.587,5.545,3.705,1.053,0.533,0.11,70.2
Julian Alvarez,Atletico Madrid,La Liga,FW,24,ARG,1,2144,0.405,0.314,0.42,0.247,0.013,2.043,1.463,46.959,5.128,1.761,0.0,0.812,0.303,74.8
Rodrigo De Paul,Atletico Madrid,La Liga,MF,30,ARG,1,2060,0.232,0.235,0.0,0.176,0.238,0.963,0.72,69.289,4.845,8.911,2.659,1.251,1.439,94.0
Nahuel Molina,Atletico Madrid,La Liga,DF,26,ARG,1,1114,0.044,0.147,0.043,0.0,0.073,0.386,0.037,62.206,2.416,5.562,3.161,1.672,4.772,87.8
Jose Maria Gimenez,Atletico Madrid,La Liga,DF,29,URU,1,3067,0.028,0.152,0.0,0.0,0.138,0.0,0.0,58.715,2.068,7.29,3.304,2.015,3.066,91.1
Samuel Lino,Atletico Madrid,La Liga,FW,25,ESP,1,3068,0.277,0.132,0.424,0.343,0.029,2.665,0.916,38.507,5.076,3.798,0.938,1.053,0.047,68.2
Marcos Llorente,Atletico Madrid,La Liga,MF,29,ESP,1,3025,0.42,0.236,0.178,0.135,0.295,1.989,0.242,67.041,6.405,9.758,2.201,0.996,0.0,89.7
Jan Oblak,Atletico Madrid,La Liga,GK,32,SVN,1,3271,0.042,0.101,0.0,0.021,0.135,0.0,0.046,51.848,0.685,3.394,0.0,0.0,0.916,65.1
Axel Witsel,Atletico Madrid,La Liga,DF,35,BEL,1,2305,0.0,0.114,0.124,0.061,0.026,0.397,0.0,67.586,3.625,6.242,1.898,1.969,4.568,80.0
Alexander Sorloth,Atletico Madrid,La Liga,FW,28,NOR,1,1062,0.533,0.133,0.339,0.434,0.135,2.64,0.903,30.776,3.958,4.105,1.393,0.426,1.031,60.4
Iago Aspas,Celta Vigo,La Liga,FW,37,ESP,1,2154,0.376,0.223,0.365,0.293,0.117,3.062,1.06,38.547,4.646,2.806,1.186,0.855,1.27,70.6
Mikel Oyarzabal,Real Sociedad,La Liga,FW,27,ESP,1,2333,0.459,0.349,0.348,0.385,0.22,3.543,1.243,27.972,4.03,2.938,0.892,1.203,0.576,80.2
Brais Mendez,Real Sociedad,La Liga,MF,27,ESP,1,1018,0.222,0.125,0.092,0.158,0.234,2.046,0.0,66.894,3.834,7.994,2.091,1.638,0.309,84.5
Iaki Williams,Athletic Club,La Liga,FW,30,ESP,1,1988,0.262,0.101,0.4,0.409,0.213,3.133,1.614,35.591,5.562,5.327,1.305,0.516,0.0,75.9
Oihan Sancet,Athletic Club,La Liga,MF,23,ESP,1,1802,0.157,0.391,0.0,0.243,0.126,1.731,0.522,76.013,4.711,6.248,2.694,1.826,0.306,87.4
Artem Dovbyk,Girona,La Liga,FW,27,UKR,1,1483,0.221,0.113,0.565,0.231,0.169,2.924,1.008,27.776,4.652,2.655,1.12,0.368,1.617,76.7
Viktor Tsygankov,Girona,La Liga,FW,26,UKR,1,1503,0.495,0.014,0.362,0.353,0.142,2.006,1.049,38.998,2.401,2.215,1.374,0.535,0.888,72.0
Inigo Martinez,Barcelona,La Liga,DF,33,ESP,1,3160,0.126,0.054,0.053,0.0,0.009,0.718,0.607,73.805,3.162,7.66,2.516,2.509,4.124,85.8
Martin Zubimendi,Real Sociedad,La Liga,MF,25,ESP,1,1291,0.052,0.221,0.019,0.088,0.087,1.701,0.484,80.114,7.22,6.528,2.735,1.394,0.0,73.4
Takefusa Kubo,Real Sociedad,La Liga,FW,23,JPN,1,3206,0.474,0.169,0.463,0.361,0.086,2.987,1.443,47.811,3.512,2.784,0.647,0.59,1.019,82.5
Vitor Roque,Real Betis,La Liga,FW,19,BRA,1,1655,0.645,0.28,0.343,0.306,0.161,2.904,0.752,37.498,5.668,1.326,0.381,0.087,1.559,77.7
Giovani Lo Celso,Real Betis,La Liga,MF,28,ARG,1,1293,0.187,0.268,0.167,0.078,0.262,1.13,1.048,58.461,5.359,10.277,2.776,0.986,1.133,93.3
Marc Roca,Real Betis,La Liga,MF,27,ESP,1,1295,0.225,0.312,0.182,0.095,0.177,1.094,0.238,72.68,6.224,6.449,1.792,1.284,0.0,95.2
Alvaro Morata,Atletico Madrid,La Liga,FW,32,ESP,1,2694,0.483,0.175,0.285,0.284,0.187,2.87,1.11,27.572,2.366,5.051,1.074,0.206,0.0,74.4
Lautaro Martinez,Inter Milan,Serie A,FW,27,ARG,1,2755,0.548,0.283,0.585,0.544,0.199,3.807,1.316,38.413,5.009,2.699,0.874,0.941,0.0,77.1
Marcus Thuram,Inter Milan,Serie A,FW,27,FRA,1,2643,0.564,0.151,0.377,0.414,0.123,3.629,1.378,65.968,2.801,5.366,0.568,1.194,0.835,67.5
Nicolo Barella,Inter Milan,Serie A,MF,27,ITA,1,1458,0.215,0.331,0.216,0.119,0.191,2.312,0.324,68.284,6.388,9.402,3.225,1.439,0.215,94.5
Hakan Calhanoglu,Inter Milan,Serie A,MF,30,TUR,1,3190,0.115,0.268,0.051,0.149,0.149,2.019,0.594,63.562,4.752,8.572,2.598,0.996,0.566,82.0
Alessandro Bastoni,Inter Milan,Serie A,DF,25,ITA,1,1560,0.0,0.0,0.0,0.0,0.051,0.677,0.0,72.153,2.8,7.352,4.569,2.955,5.393,88.0
Federico Dimarco,Inter Milan,Serie A,DF,26,ITA,1,2443,0.0,0.08,0.0,0.074,0.0,0.013,0.551,61.638,3.49,4.865,4.059,2.135,4.498,78.9
Henrikh Mkhitaryan,Inter Milan,Serie A,MF,35,ARM,0,2720,0.363,0.22,0.088,0.241,0.348,1.758,0.441,62.862,4.731,7.546,2.665,1.598,0.049,81.2
Denzel Dumfries,Inter Milan,Serie A,DF,28,NED,1,3108,0.0,0.193,0.0,0.0,0.165,0.215,0.465,76.189,2.372,5.681,3.316,1.778,4.801,83.5
Yann Sommer,Inter Milan,Serie A,GK,36,SUI,1,3239,0.05,0.0,0.0,0.0,0.085,0.44,0.0,48.638,0.782,4.923,0.958,0.096,1.598,67.8
Stefan de Vrij,Inter Milan,Serie A,DF,33,NED,1,2966,0.0,0.254,0.071,0.0,0.068,1.295,0.634,64.642,1.885,8.171,4.192,2.144,4.747,84.6
Piotr Zielinski,Inter Milan,Serie A,MF,30,POL,1,2815,0.31,0.246,0.032,0.196,0.253,2.622,0.491,51.949,4.997,6.481,2.027,0.561,0.203,88.9
Carlos Augusto,Inter Milan,Serie A,DF,25,BRA,1,2122,0.108,0.0,0.0,0.0,0.041,0.037,0.0,45.635,3.533,5.365,4.375,0.994,5.335,80.2
Rafael Leao,AC Milan,Serie A,FW,25,POR,1,1440,0.642,0.182,0.742,0.43,0.286,3.871,1.292,43.368,6.402,1.572,1.657,0.795,0.0,75.9
Christian Pulisic,AC Milan,Serie A,MF,25,USA,1,2171,0.0,0.313,0.135,0.132,0.253,1.385,0.592,72.485,4.458,6.975,1.768,1.747,0.0,94.5
Theo Hernandez,AC Milan,Serie A,DF,26,FRA,1,2935,0.075,0.232,0.154,0.0,0.086,0.177,0.28,75.791,2.165,8.13,4.337,2.526,5.842,93.9
Tijjani Reijnders,AC Milan,Serie A,MF,26,NED,1,2856,0.074,0.129,0.282,0.0,0.179,0.918,0.669,78.092,4.312,7.824,2.556,1.702,0.502,80.7
Ruben Loftus-Cheek,AC Milan,Serie A,MF,28,ENG,1,1530,0.195,0.113,0.0,0.138,0.256,1.719,0.316,72.342,6.163,8.234,2.0,1.16,0.0,86.7
Yunus Musah,AC Milan,Serie A,MF,22,USA,1,2227,0.153,0.241,0.223,0.152,0.252,2.911,0.805,85.346,5.72,8.451,2.578,1.046,1.515,81.6
Fikayo Tomori,AC Milan,Serie A,DF,26,ENG,1,2073,0.0,0.031,0.0,0.114,0.0,0.593,0.092,62.778,1.506,6.148,3.798,1.876,4.897,77.9
Mike Maignan,AC Milan,Serie A,GK,29,FRA,1,1074,0.058,0.0,0.003,0.0,0.052,0.045,0.558,39.955,1.345,3.659,0.331,0.128,0.0,55.8
Samuel Chukwueze,AC Milan,Serie A,FW,25,NGA,1,2426,0.619,0.198,0.054,0.422,0.244,3.613,0.935,31.716,4.273,4.014,1.67,0.512,0.0,81.6
Davide Calabria,AC Milan,Serie A,DF,27,ITA,1,1370,0.049,0.114,0.135,0.165,0.044,0.0,0.362,62.043,2.432,5.209,3.525,1.872,5.576,87.1
Ismael Bennacer,AC Milan,Serie A,MF,26,ALG,1,2691,0.078,0.2,0.0,0.19,0.184,1.233,0.131,65.169,6.089,6.829,2.336,0.851,0.591,95.9
Noah Okafor,AC Milan,Serie A,FW,24,SUI,1,1846,0.469,0.206,0.244,0.266,0.123,2.252,0.91,31.975,4.272,1.966,0.416,1.012,0.751,74.9
Victor Osimhen,Napoli,Serie A,FW,25,NGA,1,2040,0.662,0.288,0.675,0.559,0.225,3.842,1.336,43.093,4.306,2.96,1.373,0.773,0.0,80.4
Khvicha Kvaratskhelia,Napoli,Serie A,FW,23,GEO,1,1784,0.318,0.173,0.559,0.501,0.199,3.132,1.255,35.934,5.485,3.746,1.074,0.46,0.115,70.5
Andre-Frank Zambo Anguissa,Napoli,Serie A,MF,28,CMR,1,1099,0.0,0.264,0.18,0.037,0.172,1.363,0.0,58.884,5.175,8.165,2.819,0.823,1.56,84.4
Giovanni Di Lorenzo,Napoli,Serie A,DF,31,ITA,1,1696,0.0,0.083,0.0,0.263,0.078,0.453,0.24,66.202,0.831,4.301,3.053,2.312,4.897,88.0
Giacomo Raspadori,Napoli,Serie A,FW,24,ITA,1,3029,0.539,0.268,0.309,0.297,0.121,3.131,0.983,41.874,5.284,3.574,0.807,0.238,1.244,66.2
Stanislav Lobotka,Napoli,Serie A,MF,29,SVK,1,3216,0.23,0.103,0.23,0.136,0.113,1.014,0.535,72.404,5.333,7.996,2.202,1.153,1.036,86.6
Amir Rrahmani,Napoli,Serie A,DF,30,KOS,0,2161,0.0,0.034,0.141,0.0,0.052,0.33,0.198,58.06,2.494,7.013,2.718,2.258,3.969,86.8
Alex Meret,Napoli,Serie A,GK,27,ITA,1,2254,0.16,0.0,0.0,0.0,0.033,0.0,0.0,50.872,1.304,2.287,0.542,0.0,1.153,60.8
Leo Ostigard,Napoli,Serie A,DF,25,NOR,1,2732,0.0,0.155,0.135,0.222,0.0,0.0,0.13,53.552,1.377,7.47,3.094,1.999,5.18,83.7
Mathias Olivera,Napoli,Serie A,DF,26,URU,1,2484,0.218,0.088,0.0,0.051,0.166,0.428,0.0,62.757,1.539,8.579,3.309,1.969,6.089,89.5
Dusan Vlahovic,Juventus,Serie A,FW,24,SRB,1,2141,0.699,0.272,0.402,0.464,0.104,3.827,0.859,36.105,6.66,6.165,1.33,0.871,0.129,67.5
Federico Chiesa,Juventus,Serie A,FW,26,ITA,1,3181,0.448,0.12,0.402,0.486,0.093,2.448,1.061,40.11,5.718,3.867,2.16,0.562,0.228,69.0
Manuel Locatelli,Juventus,Serie A,MF,26,ITA,1,2710,0.038,0.296,0.013,0.128,0.208,0.836,0.186,55.482,6.371,7.073,1.551,1.7,0.0,87.5
Gleison Bremer,Juventus,Serie A,DF,27,BRA,1,2517,0.138,0.134,0.176,0.191,0.095,0.0,0.001,59.028,1.69,5.416,3.243,2.102,5.532,87.5
Nicolo Fagioli,Juventus,Serie A,MF,23,ITA,1,3243,0.126,0.165,0.21,0.231,0.055,2.091,0.333,61.246,4.499,7.901,2.668,1.564,1.219,81.9
Andrea Cambiaso,Juventus,Serie A,DF,24,ITA,1,1674,0.001,0.173,0.059,0.138,0.082,0.272,0.0,60.895,2.423,4.481,3.748,1.992,5.007,83.9
Wojciech Szczesny,Juventus,Serie A,GK,34,POL,1,1488,0.0,0.0,0.0,0.133,0.0,0.094,0.403,35.349,0.783,2.634,0.0,0.0,1.382,60.7
Adrien Rabiot,Juventus,Serie A,MF,29,FRA,1,1910,0.191,0.249,0.179,0.079,0.183,1.158,0.45,59.297,5.903,7.069,2.357,1.718,0.0,77.5
Filip Kostic,Juventus,Serie A,MF,31,SRB,1,1381,0.201,0.247,0.11,0.139,0.116,2.273,0.224,57.106,5.629,7.885,2.504,1.373,0.496,89.8
Timothy Weah,Juventus,Serie A,FW,24,USA,1,3231,0.564,0.247,0.381,0.182,0.058,2.386,1.047,43.19,4.651,2.401,0.726,0.368,0.386,68.9
Weston McKennie,Juventus,Serie A,MF,26,USA,1,1659,0.226,0.094,0.167,0.071,0.185,0.403,0.247,69.725,5.147,8.066,2.88,1.627,0.0,91.7
Lorenzo Pellegrini,Roma,Serie A,MF,28,ITA,1,988,0.181,0.179,0.25,0.199,0.194,1.597,0.543,58.292,5.788,8.372,2.037,0.986,0.822,88.3
Paulo Dybala,Roma,Serie A,FW,30,ARG,1,1048,0.456,0.225,0.321,0.322,0.175,2.247,1.241,32.775,4.835,3.331,1.236,0.011,0.783,82.0
Romelu Lukaku,Roma,Serie A,FW,31,BEL,1,1321,0.598,0.106,0.402,0.324,0.037,2.756,0.908,42.208,5.2,2.987,0.925,0.415,0.51,72.0
Stephan El Shaarawy,Roma,Serie A,FW,32,ITA,1,2739,0.526,0.14,0.363,0.473,0.077,3.661,0.73,34.32,4.203,2.91,0.159,0.714,1.457,71.6
Bryan Cristante,Roma,Serie A,MF,29,ITA,1,1515,0.138,0.305,0.164,0.205,0.153,1.512,0.485,72.79,4.447,7.899,3.22,1.202,0.689,79.9
Ciro Immobile,Lazio,Serie A,FW,34,ITA,1,3020,0.543,0.07,0.37,0.239,0.126,3.331,1.127,26.119,5.575,1.384,0.153,0.432,1.539,79.7
Mattia Zaccagni,Lazio,Serie A,FW,29,ITA,1,1492,0.63,0.059,0.498,0.391,0.077,2.065,1.158,32.464,5.209,2.407,1.266,0.0,0.0,73.2
Luis Alberto,Lazio,Serie A,MF,32,ESP,1,2193,0.161,0.206,0.009,0.135,0.171,1.369,0.776,67.899,5.21,6.97,2.019,1.151,0.781,77.9
Daichi Kamada,Lazio,Serie A,MF,28,JPN,1,1930,0.149,0.133,0.132,0.197,0.348,1.106,0.0,59.742,4.361,6.203,2.936,1.595,0.872,83.7
Gianluca Scamacca,Atalanta,Serie A,FW,25,ITA,1,1240,0.703,0.203,0.564,0.333,0.181,3.256,1.32,20.433,3.767,3.463,1.425,0.076,0.0,80.8
Ademola Lookman,Atalanta,Serie A,FW,26,NGA,1,2362,0.674,0.049,0.507,0.384,0.224,2.598,0.932,28.134,3.912,0.561,1.126,0.176,2.712,78.2
Teun Koopmeiners,Atalanta,Serie A,MF,26,NED,1,1632,0.117,0.177,0.043,0.055,0.257,1.102,0.203,89.364,7.1,11.548,3.931,1.872,0.0,83.3
Charles De Ketelaere,Atalanta,Serie A,MF,23,BEL,1,2665,0.098,0.328,0.0,0.0,0.171,1.681,0.589,73.039,3.811,8.449,2.691,1.956,1.22,87.4
Mario Pasalic,Atalanta,Serie A,MF,29,CRO,1,1877,0.231,0.436,0.128,0.244,0.202,0.813,0.379,57.489,4.771,8.113,1.453,1.651,1.126,87.8
Nico Gonzalez,Fiorentina,Serie A,FW,26,ARG,1,1312,0.516,0.097,0.338,0.321,0.194,3.0,1.073,45.345,5.085,4.965,0.379,0.698,0.813,73.9
Lucas Beltran,Fiorentina,Serie A,FW,23,ARG,1,2556,0.287,0.104,0.367,0.449,0.082,2.076,0.896,28.425,3.938,3.98,0.772,0.641,1.969,69.3
Arthur Melo,Fiorentina,Serie A,MF,28,BRA,1,1380,0.126,0.181,0.217,0.0,0.156,2.03,0.722,69.252,5.917,7.153,3.305,0.975,0.314,91.9
Pietro Terracciano,Fiorentina,Serie A,GK,33,ITA,1,2976,0.274,0.0,0.0,0.013,0.03,0.0,0.035,24.325,0.0,4.475,0.0,0.144,2.077,69.9
Luca Ranieri,Fiorentina,Serie A,DF,25,ITA,1,3173,0.108,0.034,0.107,0.0,0.06,0.0,0.061,65.906,1.991,8.53,3.882,1.964,4.917,84.5
Ousmane Dembele,Paris Saint-Germain,Ligue 1,FW,27,FRA,1,1244,0.543,0.154,0.486,0.388,0.146,3.486,1.3,34.319,5.388,3.288,0.935,0.165,0.0,80.1
Achraf Hakimi,Paris Saint-Germain,Ligue 1,DF,26,MAR,1,1808,0.0,0.037,0.032,0.16,0.0,0.159,0.769,80.463,3.305,8.319,4.085,2.68,5.623,85.5
Marquinhos,Paris Saint-Germain,Ligue 1,DF,30,BRA,1,2259,0.0,0.032,0.063,0.143,0.058,1.355,0.0,52.286,3.077,6.629,3.064,2.543,4.086,85.5
Marco Asensio,Paris Saint-Germain,Ligue 1,MF,28,ESP,1,2215,0.152,0.361,0.058,0.227,0.267,2.144,0.063,59.646,5.082,7.588,1.796,1.925,0.578,89.9
Lee Kang-In,Paris Saint-Germain,Ligue 1,MF,23,KOR,1,2638,0.144,0.234,0.085,0.028,0.117,1.216,0.819,73.252,4.693,8.925,2.859,1.713,1.187,95.4
Goncalo Ramos,Paris Saint-Germain,Ligue 1,FW,23,POR,1,3076,0.504,0.126,0.401,0.381,0.228,2.899,0.927,27.779,4.569,3.93,0.567,0.582,0.901,72.8
Vitinha,Paris Saint-Germain,Ligue 1,MF,24,POR,1,2628,0.074,0.34,0.159,0.055,0.308,1.065,0.436,54.082,3.938,7.58,2.409,1.378,0.63,84.7
Fabian Ruiz,Paris Saint-Germain,Ligue 1,MF,28,ESP,1,1281,0.247,0.203,0.062,0.159,0.177,1.405,0.66,57.292,5.932,7.175,2.053,1.052,1.628,92.3
Lucas Hernandez,Paris Saint-Germain,Ligue 1,DF,28,FRA,1,1717,0.244,0.118,0.118,0.057,0.03,0.534,0.0,58.968,2.711,7.762,3.319,2.362,4.076,84.9
Bradley Barcola,Paris Saint-Germain,Ligue 1,FW,22,FRA,1,2759,0.65,0.238,0.382,0.415,0.257,3.342,1.059,51.432,6.378,2.83,2.149,1.019,0.0,67.2
Gianluigi Donnarumma,Paris Saint-Germain,Ligue 1,GK,26,ITA,1,2087,0.176,0.0,0.101,0.0,0.0,0.398,0.0,41.575,0.015,2.43,0.0,0.0,0.829,77.1
Warren Zaire-Emery,Paris Saint-Germain,Ligue 1,MF,18,FRA,1,2014,0.223,0.319,0.281,0.24,0.334,1.155,0.437,75.18,5.656,9.495,2.739,2.31,0.0,85.0
Milan Skriniar,Paris Saint-Germain,Ligue 1,DF,29,SVK,1,1748,0.013,0.115,0.077,0.074,0.028,0.493,0.0,56.514,1.106,7.321,4.445,2.086,4.87,84.7
Joao Neves,Paris Saint-Germain,Ligue 1,MF,19,POR,1,2697,0.095,0.376,0.339,0.121,0.273,1.696,0.783,82.032,7.032,8.784,3.371,1.875,0.22,83.7
Desire Doue,Paris Saint-Germain,Ligue 1,FW,19,FRA,1,2547,0.071,0.281,0.376,0.446,0.166,2.914,1.433,46.454,5.258,0.575,0.455,0.542,0.0,73.3
Wissam Ben Yedder,Monaco,Ligue 1,FW,33,FRA,1,3127,0.342,0.258,0.471,0.506,0.11,3.124,1.134,37.125,3.195,4.305,0.599,0.461,0.671,76.9
Takumi Minamino,Monaco,Ligue 1,FW,29,JPN,1,2630,0.493,0.189,0.153,0.306,0.214,2.931,0.693,37.416,3.294,3.274,1.383,0.0,0.0,65.0
Breel Embolo,Monaco,Ligue 1,FW,27,SUI,1,2037,0.428,0.095,0.324,0.352,0.138,2.093,1.544,34.03,3.716,3.502,1.299,0.981,0.629,68.0
Denis Zakaria,Monaco,Ligue 1,MF,27,SUI,1,2070,0.29,0.153,0.232,0.156,0.175,1.929,0.431,66.132,4.226,7.598,2.128,1.667,0.433,88.8
Mohamed Camara,Monaco,Ligue 1,MF,24,GUI,1,2071,0.046,0.283,0.278,0.0,0.101,0.925,0.525,70.528,5.958,5.771,2.889,1.534,0.0,87.0
Folarin Balogun,Monaco,Ligue 1,FW,23,USA,1,3144,0.376,0.168,0.204,0.359,0.164,2.292,0.975,36.906,3.622,4.465,0.259,0.892,1.213,71.1
Youssouf Fofana,AC Milan,Serie A,MF,25,FRA,1,2938,0.128,0.305,0.0,0.113,0.245,2.428,0.214,77.17,6.53,7.85,2.247,1.93,1.345,88.2
Pierre-Emerick Aubameyang,Marseille,Ligue 1,FW,35,GAB,1,2656,0.29,0.077,0.652,0.444,0.127,2.056,1.383,40.716,4.271,4.281,1.268,0.262,0.194,76.5
Amine Harit,Marseille,Ligue 1,MF,26,MAR,1,2144,0.263,0.229,0.243,0.032,0.167,0.869,0.097,69.729,4.523,8.774,3.223,0.744,0.82,87.9
Chancel Mbemba,Marseille,Ligue 1,DF,30,COD,1,1704,0.0,0.0,0.042,0.062,0.191,0.771,0.27,67.225,2.264,4.746,3.44,2.078,5.806,81.9
Ismaila Sarr,Marseille,Ligue 1,FW,26,SEN,1,1783,0.381,0.22,0.34,0.359,0.006,2.608,0.816,27.402,4.736,2.616,1.297,0.354,0.0,72.0
Aubameyang Pierre-Emerick,Marseille,Ligue 1,FW,35,GAB,1,2682,0.417,0.28,0.428,0.421,0.195,2.749,0.782,36.571,4.617,2.051,0.835,0.0,0.0,68.8
Iliman Ndiaye,Marseille,Ligue 1,FW,24,SEN,1,2916,0.337,0.16,0.42,0.443,0.106,2.26,0.634,43.663,4.386,2.127,1.455,0.729,0.047,76.2
Alexandre Lacazette,Lyon,Ligue 1,FW,33,FRA,1,1652,0.556,0.16,0.356,0.323,0.18,3.322,1.184,28.575,5.186,3.017,1.241,0.0,0.0,72.7
Nicolas Tagliafico,Lyon,Ligue 1,DF,31,ARG,1,1580,0.0,0.0,0.091,0.077,0.027,0.759,0.0,55.204,2.553,7.112,2.883,1.793,3.79,84.2
Corentin Tolisso,Lyon,Ligue 1,MF,29,FRA,1,2947,0.157,0.192,0.111,0.0,0.128,1.6,0.481,69.092,6.515,6.309,2.577,1.696,2.733,88.5
Ernest Nuamah,Lyon,Ligue 1,FW,21,GHA,1,2914,0.483,0.076,0.445,0.369,0.149,3.234,1.523,41.33,5.52,1.559,0.971,1.055,1.694,75.8
Amine Gouiri,Rennes,Ligue 1,FW,23,FRA,1,1690,0.361,0.321,0.259,0.397,0.09,1.881,1.065,25.605,3.525,3.6,0.134,0.524,0.0,75.2
Martin Terrier,Rennes,Ligue 1,FW,27,FRA,1,2118,0.295,0.232,0.442,0.446,0.06,3.269,0.901,22.525,3.286,1.199,1.276,0.619,1.239,73.8
Lovro Majer,Rennes,Ligue 1,MF,26,CRO,1,2821,0.184,0.305,0.224,0.119,0.1,0.231,0.43,76.298,4.448,6.081,2.101,1.415,1.258,86.7
Benjamin Bourigeaud,Rennes,Ligue 1,MF,30,FRA,1,1352,0.099,0.143,0.198,0.112,0.346,1.981,0.517,70.139,5.933,6.85,2.885,0.868,0.068,85.5
Arnaud Kalimuendo,Rennes,Ligue 1,FW,22,FRA,1,1419,0.482,0.168,0.304,0.335,0.162,2.208,1.324,36.79,3.799,2.009,0.202,0.371,0.0,82.7
Lenny Yoro,Manchester Utd,Premier League,DF,19,FRA,1,3116,0.0,0.089,0.094,0.0,0.0,0.0,0.047,70.816,1.992,4.487,2.906,2.196,4.7,76.5
Maxence Lacroix,Crystal Palace,Premier League,DF,24,FRA,1,1562,0.0,0.073,0.001,0.055,0.0,0.374,0.0,52.615,2.353,5.532,3.498,1.802,4.854,72.7
Lionel Messi,Inter Miami,World Cup 2026,FW,37,ARG,1,1791,0.451,0.171,0.678,0.257,0.163,2.402,1.185,43.092,4.459,3.859,1.429,0.117,0.747,69.7
Leandro Paredes,Roma,World Cup 2026,MF,30,ARG,1,3222,0.203,0.301,0.173,0.045,0.19,1.294,0.331,69.724,3.867,8.506,2.787,1.003,1.491,83.9
Endrick,Real Madrid,World Cup 2026,FW,18,BRA,1,2417,0.446,0.209,0.464,0.33,0.235,3.138,1.033,48.853,6.654,1.69,1.616,0.475,0.413,71.7
Joao Gomes,Wolverhampton,World Cup 2026,MF,23,BRA,1,1369,0.191,0.204,0.203,0.19,0.304,1.431,0.775,66.133,4.639,8.211,2.637,1.737,1.574,78.6
Jordan Pickford,Everton,World Cup 2026,GK,31,ENG,1,1357,0.0,0.023,0.058,0.0,0.0,0.031,0.163,33.613,0.0,1.879,0.375,0.046,0.469,60.0
Mikel Merino,Arsenal,World Cup 2026,MF,28,ESP,1,962,0.039,0.392,0.03,0.0,0.18,1.702,0.526,77.438,5.475,5.922,2.439,0.921,1.14,77.7
Unai Simon,Athletic Club,World Cup 2026,GK,27,ESP,1,2797,0.082,0.0,0.081,0.029,0.0,0.166,0.246,31.618,0.284,4.438,0.0,0.523,0.736,61.1
Cristiano Ronaldo,Al-Nassr,World Cup 2026,FW,41,POR,1,2527,0.423,0.191,0.473,0.426,0.053,2.222,1.038,35.142,4.948,4.761,0.803,0.583,0.909,70.2
Joao Cancelo,Al Hilal,World Cup 2026,DF,30,POR,1,2622,0.226,0.165,0.0,0.0,0.07,0.144,0.0,53.905,4.034,5.769,3.238,2.555,5.362,88.8
Diogo Costa,Porto,World Cup 2026,GK,25,POR,1,964,0.007,0.0,0.014,0.0,0.0,0.387,0.079,31.889,0.295,3.114,0.085,0.0,1.763,62.6
Nathan Ake,Manchester City,World Cup 2026,DF,30,NED,1,2087,0.124,0.129,0.094,0.152,0.124,0.619,0.044,50.92,2.94,6.587,4.771,1.907,4.314,78.9
Donyell Malen,Borussia Dortmund,World Cup 2026,FW,26,NED,1,1081,0.499,0.107,0.498,0.407,0.139,2.257,1.181,33.417,3.733,0.35,1.39,0.205,0.171,71.2
Bart Verbruggen,Brighton,World Cup 2026,GK,22,NED,1,1319,0.079,0.158,0.0,0.0,0.0,0.0,0.0,38.188,0.094,2.801,0.0,0.741,1.052,68.3
Hakim Ziyech,Galatasaray,World Cup 2026,MF,32,MAR,1,1818,0.169,0.175,0.116,0.055,0.119,1.573,0.78,66.702,4.682,7.417,2.542,1.313,0.178,81.2
Youssef En-Nesyri,Fenerbahce,World Cup 2026,FW,27,MAR,1,1896,0.445,0.238,0.455,0.445,0.146,2.148,0.765,36.324,3.544,2.051,0.676,0.329,0.0,81.5
Azzedine Ounahi,Marseille,World Cup 2026,MF,24,MAR,1,2724,0.191,0.234,0.206,0.102,0.13,1.256,0.308,74.013,5.57,8.626,2.759,1.502,0.304,84.0
Noussair Mazraoui,Manchester Utd,World Cup 2026,DF,27,MAR,1,1738,0.001,0.21,0.056,0.0,0.0,0.223,0.0,59.171,1.285,5.718,4.108,1.698,4.659,88.1
Sofyan Amrabat,Fiorentina,World Cup 2026,MF,27,MAR,1,1054,0.0,0.183,0.119,0.246,0.281,0.92,0.281,65.23,6.429,8.876,3.077,0.798,0.431,82.5
Romain Saiss,Besiktas,World Cup 2026,DF,34,MAR,1,2701,0.0,0.0,0.234,0.0,0.0,0.0,0.0,61.129,2.096,5.314,2.732,1.82,5.19,88.0
Bono,Real Sociedad,World Cup 2026,GK,33,MAR,1,2522,0.256,0.0,0.0,0.126,0.028,0.382,0.0,41.787,0.0,5.199,0.135,0.0,0.908,54.0
Sadio Mane,Al-Nassr,World Cup 2026,FW,32,SEN,1,1227,0.456,0.234,0.237,0.572,0.033,1.868,0.631,40.069,4.966,1.611,0.141,0.0,0.192,75.3
Edouard Mendy,Al-Ahli,World Cup 2026,GK,32,SEN,1,1865,0.0,0.005,0.0,0.102,0.058,0.775,0.294,35.611,1.135,2.928,0.524,0.062,1.018,68.2
Alex Iwobi,Fulham,World Cup 2026,MF,28,NGA,1,3217,0.157,0.301,0.139,0.0,0.374,2.239,0.159,71.147,4.723,8.802,2.229,1.73,1.527,87.6
Wilfred Ndidi,Leicester City,World Cup 2026,MF,28,NGA,1,2140,0.155,0.19,0.217,0.0,0.292,1.627,0.034,73.23,4.715,8.99,2.131,1.037,0.0,84.4
Ritsu Doan,SC Freiburg,World Cup 2026,FW,26,JPN,1,3034,0.266,0.131,0.51,0.266,0.181,2.885,1.395,33.882,6.084,1.353,1.027,0.709,0.895,78.8
Gio Reyna,Borussia Dortmund,World Cup 2026,MF,22,USA,1,2889,0.25,0.293,0.0,0.183,0.269,1.041,0.234,64.472,5.668,7.936,1.966,1.04,0.0,84.4
Matt Turner,Nottm Forest,World Cup 2026,GK,30,USA,1,2287,0.083,0.0,0.0,0.0,0.0,0.0,0.0,17.861,0.055,3.195,0.0,0.0,0.96,64.5
Sergiño Dest,PSV,World Cup 2026,DF,24,USA,1,1802,0.046,0.037,0.0,0.0,0.097,0.292,0.272,54.671,0.917,5.638,3.327,1.844,4.209,87.4
Hirving Lozano,PSV,World Cup 2026,FW,29,MEX,1,1815,0.557,0.272,0.361,0.307,0.068,2.907,1.04,39.744,2.97,3.593,0.407,0.692,1.167,71.3
Raul Jimenez,Fulham,World Cup 2026,FW,33,MEX,1,2584,0.516,0.156,0.304,0.364,0.176,2.861,1.215,28.517,2.929,3.768,0.0,0.625,0.145,71.9
Santiago Gimenez,Feyenoord,World Cup 2026,FW,23,MEX,1,3094,0.529,0.04,0.401,0.49,0.152,3.743,0.691,40.401,4.798,4.851,0.734,0.388,1.831,71.9
Guillermo Ochoa,Salernitana,World Cup 2026,GK,39,MEX,1,1240,0.003,0.0,0.0,0.0,0.0,0.26,0.353,32.485,0.372,1.294,0.0,0.519,1.917,58.5
Chucky Lozano,San Diego FC,World Cup 2026,FW,29,MEX,1,1258,0.29,0.028,0.323,0.442,0.271,2.397,0.857,28.078,5.879,3.452,1.312,0.76,0.0,71.5
James Rodriguez,Rayo Vallecano,World Cup 2026,MF,33,COL,1,1892,0.0,0.315,0.13,0.028,0.071,2.149,0.153,56.146,5.555,9.469,2.29,1.017,0.0,89.3
Juan Cuadrado,Juventus,World Cup 2026,MF,36,COL,1,1798,0.032,0.35,0.09,0.506,0.22,1.555,0.726,62.468,4.38,8.907,1.643,1.713,0.0,95.9
Davinson Sanchez,Galatasaray,World Cup 2026,DF,28,COL,1,2781,0.226,0.161,0.0,0.0,0.0,1.163,0.297,67.383,1.685,7.42,2.705,1.479,5.068,88.5
Richard Rios,Palmeiras,World Cup 2026,MF,24,COL,1,3136,0.386,0.301,0.037,0.163,0.228,1.591,0.526,76.084,5.114,8.691,1.772,1.46,0.781,91.2
Rodrigo Bentancur,Tottenham,World Cup 2026,MF,27,URU,1,1249,0.0,0.439,0.122,0.0,0.233,0.721,0.604,53.568,5.772,7.25,2.334,1.243,1.4,79.6
Hwang Hee-Chan,Wolverhampton,World Cup 2026,FW,28,KOR,1,1609,0.448,0.228,0.588,0.31,0.156,2.802,1.009,39.971,4.441,4.191,1.383,0.045,0.245,76.5
Hwang In-Beom,Vancouver Whitecaps,World Cup 2026,MF,29,KOR,1,1726,0.315,0.269,0.0,0.308,0.163,1.244,0.146,66.481,4.984,7.528,2.749,1.243,0.899,95.2
Zizo,Zamalek,World Cup 2026,MF,30,EGY,1,905,0.062,0.151,0.0,0.14,0.191,1.07,1.063,60.53,5.297,6.357,1.912,0.907,0.423,83.7
Jonathan David,Lille,World Cup 2026,FW,24,CAN,1,2127,0.301,0.105,0.377,0.366,0.137,2.553,1.294,37.893,4.674,3.223,1.231,0.439,0.0,72.6
Cyle Larin,Club Brugge,World Cup 2026,FW,29,CAN,1,2272,0.377,0.277,0.318,0.284,0.088,3.263,1.037,30.4,5.135,3.397,0.552,0.087,1.127,71.9
Atiba Hutchinson,Besiktas,World Cup 2026,MF,41,CAN,1,1568,0.261,0.299,0.164,0.115,0.183,1.376,0.775,66.623,4.597,10.116,3.161,1.174,0.0,85.8
Tajon Buchanan,Inter Milan,World Cup 2026,FW,25,CAN,1,2722,0.421,0.082,0.455,0.266,0.042,3.308,1.13,30.799,4.884,2.776,1.491,0.048,0.917,76.8
Stephen Eustaquio,Porto,World Cup 2026,MF,27,CAN,1,1821,0.029,0.327,0.289,0.144,0.305,1.764,0.552,57.068,5.743,8.547,1.859,1.266,0.567,92.3
Xherdan Shaqiri,Chicago Fire,World Cup 2026,MF,33,SUI,1,1242,0.091,0.268,0.22,0.189,0.276,1.433,0.306,65.2,5.61,7.664,2.404,1.837,0.0,89.6
Fabian Rieder,Rennes,World Cup 2026,MF,22,SUI,1,1172,0.133,0.338,0.138,0.0,0.052,1.235,0.736,60.232,5.456,8.552,1.738,1.652,1.358,88.5
Ivan Perisic,Hajduk Split,World Cup 2026,MF,35,CRO,1,1485,0.152,0.362,0.079,0.008,0.19,1.441,0.747,65.835,6.208,6.424,2.65,1.544,1.093,87.5
Mateo Kovacic,Manchester City,World Cup 2026,MF,30,CRO,1,3053,0.152,0.244,0.042,0.209,0.152,0.326,0.446,68.464,5.228,7.181,2.693,1.449,0.495,86.5
Andrej Kramaric,Hoffenheim,World Cup 2026,FW,33,CRO,1,2338,0.334,0.181,0.576,0.337,0.067,3.053,0.75,43.899,4.196,5.863,1.365,0.46,1.018,70.5
Dominik Livakovic,Fenerbahce,World Cup 2026,GK,29,CRO,1,2420,0.162,0.0,0.0,0.0,0.0,0.592,0.191,48.358,0.193,4.156,0.458,0.04,0.507,55.0
Bruno Petkovic,Dinamo Zagreb,World Cup 2026,FW,31,CRO,1,3061,0.22,0.215,0.374,0.386,0.0,3.901,1.195,39.645,4.555,3.913,0.446,0.474,0.0,75.6
Arthur Theate,Rennes,World Cup 2026,DF,24,BEL,1,1779,0.129,0.0,0.053,0.053,0.06,1.559,0.225,58.126,3.428,5.997,3.29,1.994,4.603,79.2
Christian Eriksen,Manchester Utd,World Cup 2026,MF,33,DEN,1,1048,0.059,0.219,0.031,0.27,0.081,1.738,0.346,61.349,5.286,6.493,2.888,1.384,0.014,82.3
Pierre-Emile Hojbjerg,Atletico Madrid,World Cup 2026,MF,29,DEN,1,2766,0.151,0.254,0.022,0.023,0.192,1.056,0.081,79.927,5.817,5.759,2.855,1.441,0.0,89.7
Kasper Schmeichel,Anderlecht,World Cup 2026,GK,38,DEN,1,2542,0.079,0.0,0.026,0.0,0.0,0.242,0.0,35.028,0.208,5.368,0.406,0.415,1.031,68.5
Andreas Christensen,Barcelona,World Cup 2026,DF,29,DEN,1,3064,0.055,0.071,0.026,0.0,0.0,0.869,0.419,62.812,2.431,4.501,3.679,1.998,5.434,80.2
Joakim Maehle,Atalanta,World Cup 2026,DF,28,DEN,1,1776,0.024,0.0,0.219,0.093,0.059,0.0,0.0,53.356,2.044,4.813,2.521,2.071,5.798,88.8
Mat Ryan,Real Sociedad,World Cup 2026,GK,33,AUS,1,1543,0.023,0.0,0.0,0.0,0.0,0.0,0.379,33.642,1.61,2.957,0.571,0.0,1.677,57.4
Martin Boyle,Al-Faisaly,World Cup 2026,FW,31,AUS,1,2274,0.704,0.232,0.549,0.381,0.268,2.853,1.098,28.86,2.53,2.83,0.664,0.48,0.0,75.7
Mathew Leckie,Melbourne City,World Cup 2026,FW,34,AUS,1,2504,0.158,0.172,0.28,0.456,0.058,2.109,0.828,33.195,4.145,2.583,0.83,0.812,0.121,65.9
Riley McGree,Middlesbrough,World Cup 2026,MF,26,AUS,1,1149,0.309,0.333,0.235,0.165,0.115,1.883,0.282,74.234,6.115,8.429,3.356,1.383,0.0,87.0
Ajdin Hrustic,Hellas Verona,World Cup 2026,MF,28,AUS,1,2452,0.064,0.343,0.0,0.209,0.18,1.74,0.591,70.495,6.204,7.627,2.359,0.905,1.628,89.8
Sebastien Haller,Borussia Dortmund,World Cup 2026,FW,30,CIV,1,3230,0.322,0.164,0.302,0.255,0.234,3.329,1.185,37.057,3.9,3.376,0.54,1.047,0.0,75.1
Franck Kessie,Barcelona,World Cup 2026,MF,28,CIV,1,2386,0.164,0.0,0.381,0.212,0.213,1.312,0.051,61.173,4.676,6.175,2.175,1.153,1.113,92.9
Ibrahim Sangare,Nottm Forest,World Cup 2026,MF,27,CIV,1,1462,0.24,0.151,0.084,0.08,0.241,2.688,0.212,72.574,5.355,7.568,2.986,1.382,0.197,87.2
Nicolas Pepe,Nice,World Cup 2026,FW,29,CIV,1,2513,0.522,0.302,0.466,0.355,0.192,2.611,0.731,46.342,4.729,3.111,1.389,0.581,0.0,66.0
Nicola Zalewski,Roma,World Cup 2026,FW,22,POL,1,3156,0.433,0.116,0.441,0.398,0.161,3.513,1.313,44.753,5.107,1.397,0.352,0.374,0.135,67.5
Jakub Kiwior,Arsenal,World Cup 2026,DF,24,POL,1,2182,0.0,0.044,0.0,0.076,0.031,0.695,0.0,62.632,2.066,6.467,3.462,1.803,6.173,83.4
Arda Guler,Real Madrid,World Cup 2026,MF,19,TUR,1,2796,0.075,0.277,0.049,0.2,0.19,1.01,0.476,74.328,5.761,8.162,3.243,1.335,0.405,94.7
Kenan Yildiz,Juventus,World Cup 2026,FW,19,TUR,1,1994,0.492,0.104,0.396,0.317,0.088,2.429,0.935,36.106,4.159,2.551,1.583,0.449,0.0,80.3
Merih Demiral,Al-Qadsiah,World Cup 2026,DF,26,TUR,1,1456,0.0,0.002,0.186,0.081,0.085,0.831,0.0,60.609,0.81,5.835,2.902,1.942,4.436,81.8
Altay Bayindir,Manchester Utd,World Cup 2026,GK,26,TUR,1,1959,0.047,0.203,0.004,0.071,0.028,0.126,0.01,25.324,1.506,3.976,0.863,0.1,0.677,60.1
Sergej Milinkovic-Savic,Al-Hilal,World Cup 2026,MF,29,SRB,1,1892,0.184,0.217,0.182,0.239,0.257,1.684,0.557,76.132,5.361,8.118,1.257,1.472,0.0,87.7
Aleksandar Mitrovic,Al-Hilal,World Cup 2026,FW,30,SRB,1,2723,0.422,0.08,0.342,0.266,0.092,2.472,1.21,39.675,4.113,4.68,0.0,0.078,0.739,82.0
Nikola Milenkovic,Nottm Forest,World Cup 2026,DF,27,SRB,1,2962,0.0,0.096,0.027,0.0,0.0,0.88,0.0,68.079,2.262,5.237,3.022,2.045,4.867,92.4
Predrag Rajkovic,Atletico Madrid,World Cup 2026,GK,30,SRB,1,1420,0.042,0.094,0.0,0.0,0.091,0.411,0.126,45.751,0.085,3.319,0.157,0.0,2.149,67.9
Andrija Zivkovic,PAOK,World Cup 2026,FW,29,SRB,1,1909,0.479,0.239,0.415,0.241,0.063,2.589,1.695,28.163,4.659,4.528,1.633,0.0,0.0,67.5
Giorgi Mamardashvili,Valencia,World Cup 2026,GK,24,GEO,1,2418,0.0,0.0,0.0,0.014,0.034,0.545,0.203,32.005,0.614,2.637,0.251,0.082,2.12,74.2
Georges Mikautadze,Lyon,World Cup 2026,FW,23,GEO,1,1875,0.344,0.131,0.606,0.468,0.124,2.645,0.837,33.16,3.932,1.883,1.78,0.686,0.0,69.7
Tornike Okriashvili,Konyaspor,World Cup 2026,FW,32,GEO,1,2719,0.107,0.169,0.262,0.283,0.082,2.852,0.604,25.924,4.163,5.931,0.206,0.0,0.142,76.4
Luka Lochoshvili,Wolfsburg,World Cup 2026,DF,24,GEO,1,2999,0.082,0.112,0.0,0.0,0.162,0.597,0.199,47.584,2.264,7.351,3.234,1.937,5.834,78.2
Enner Valencia,Independiente del Valle,World Cup 2026,FW,35,ECU,1,2294,0.554,0.108,0.441,0.269,0.171,2.272,1.301,26.682,4.077,3.524,0.696,0.551,0.433,80.6
Jeremy Sarmiento,Brighton,World Cup 2026,FW,23,ECU,1,2118,0.439,0.209,0.498,0.502,0.206,3.806,1.0,34.649,4.734,3.934,0.639,0.562,0.0,80.5
David Alaba,Real Madrid,World Cup 2026,DF,32,AUT,1,3274,0.066,0.025,0.0,0.178,0.066,0.187,0.477,57.599,1.688,6.512,3.366,1.598,3.775,77.8
Michael Gregoritsch,SC Freiburg,World Cup 2026,FW,30,AUT,1,1132,0.598,0.165,0.353,0.33,0.1,3.475,0.981,33.957,4.124,2.95,1.183,1.123,0.255,70.1
Kieran Tierney,Real Sociedad,World Cup 2026,DF,27,SCO,1,2894,0.016,0.092,0.086,0.0,0.077,0.071,0.0,64.857,3.198,6.793,3.608,1.665,3.961,92.3
Scott McTominay,Napoli,World Cup 2026,MF,28,SCO,1,1150,0.477,0.259,0.056,0.092,0.195,1.684,0.494,69.467,4.19,7.865,2.952,1.486,0.462,92.8
Billy Gilmour,Napoli,World Cup 2026,MF,23,SCO,1,1001,0.336,0.25,0.065,0.136,0.154,1.263,0.146,64.169,4.263,8.563,1.739,1.442,0.0,91.0
Lawrence Shankland,Hearts,World Cup 2026,FW,29,SCO,1,2764,0.383,0.323,0.463,0.312,0.049,2.457,0.847,38.839,4.684,2.64,0.07,0.253,0.505,76.5
Sander Berge,Burnley,World Cup 2026,MF,27,NOR,1,1374,0.185,0.293,0.119,0.028,0.215,0.984,0.0,64.665,5.037,6.327,3.662,1.749,0.765,89.3
Mehdi Taremi,Inter Milan,World Cup 2026,FW,32,IRN,1,2226,0.452,0.106,0.266,0.366,0.235,2.902,1.127,34.037,6.613,3.36,0.807,0.0,1.219,77.3
Alireza Jahanbakhsh,Feyenoord,World Cup 2026,FW,31,IRN,1,2005,0.615,0.194,0.314,0.257,0.011,2.361,0.878,36.964,4.744,1.44,1.208,0.301,0.0,69.9
Sardar Azmoun,Bayer Leverkusen,World Cup 2026,FW,30,IRN,1,2107,0.351,0.238,0.436,0.361,0.074,2.206,0.81,36.94,3.628,2.073,1.385,0.703,0.393,74.6
Milad Mohammadi,AEK Athens,World Cup 2026,DF,32,IRN,1,1660,0.007,0.197,0.0,0.0,0.053,0.922,0.0,73.493,1.71,6.201,4.017,1.996,4.477,80.0
